title,remote_image_url,location,url,description
Fresh Beignets at Cafe Beignet,http://img.foodnetwork.com/FOOD/2013/01/08/FNOTR_Cafe-Beignet_s4x3_lg.jpg,"334 Royal St, New Orleans, LA 70130",http://www.cafebeignet.com/,"Cafe Beignet on Royal Street in the French Quarter, offers amazing fresh Beignets, in a chilled out setting. Get a coffee, just to dip them in, delicious."
Beer and Ballgames at the Bronx Alehouse,https://lh5.googleusercontent.com/-SSQ_ze9r4A8/TwFwmGDTDtI/AAAAAAAAFX0/CB2e3wTFpwA/s1600/DSC_1161.jpg,"216 West 238th St., Bronx, NY",http://bronxalehouse.com/,"The Bronx Alehouse features a wide selection of craft beers, and affordable food. The wood paneling creates a warm, rustic, atmosphere. 

Just outside of Manhattan the Bronx Alehouse is the perfect place to stop while exploring all the Bronx has to offer. Their menu features four cheese mac and cheese, smoked ribs, and much more."
Break Bar and Billiards,http://cdnl.complex.com/mp/620/400/80/0/bb/1/ffffff/efc20567ea26d571d566fed4aef74b03/images_/assets/CHANNEL_IMAGES/CITY_GUIDE/2012/09/the-25-best-sports-bars-in-nyc/breakbarbilliards_313675.jpg,32-04 Broadway Astoria Queens,http://break-ny.com/,"Break Bar and Billiards is a great sports bar with pool to boot. 

Entertainment and games available include darts, air hockey, arcade games and more. The bar also hosts a weekly trivia game and a pool league. The massive 55 foot bar features 18 rotating taps for beerlovers of all kinds."
Scream for your Team at Jack Demsey's,http://farm4.staticflickr.com/3558/3513098562_6bbdf28ed8_o.jpg,"36 West 33rd Street New York, NY 10001",http://www.jackdemseys.com/index.html,"Manhattan's number one celtic supporter's club, Jack Demsey's is a great bar for both locals and tourists. 

A full food menu with everything from lunch, dinner, to late night snacks will keep you upright as you sample a large selection of bottled and draft ales, stouts, and ciders. Numerous TVs in the bar and dining area will ensure you never miss a game, whether that be NFL, UFC, UFC, or Rugby. 

Open daily from 4pm to close, with brunch of the weekends starting at 9am."
Catch a Soccer Match at Nevada Smith's,http://cdnl.complex.com/mp/620/400/80/0/bb/1/ffffff/a7384303af93d91d5783c372f2175b09/images_/assets/CHANNEL_IMAGES/CITY_GUIDE/2012/09/the-25-best-sports-bars-in-nyc/nevadasmiths_new_resize_313675.jpg,125 East 11th St. Manhattan,http://www.nevadasmiths.net/,"Nevada Smith's is THE place to catch soccer in Manhattan with a nightly game schedule and all the European Premier and Champion leagues. 

Great pub food including fish and chips compliments the fantastic drink selection. Crowd around fellow football fans and watch the game on incredibly huge flatscreen TVs. A friendly and rowdy atmosphere make for a great game viewing experience."
Get Schooled at Professor Thom's,http://cdnl.complex.com/mp/620/400/80/0/bb/1/ffffff/91b7d7640b51036a9f8d9b30c9d5f78e/images_/assets/CHANNEL_IMAGES/CITY_GUIDE/2012/09/the-25-best-sports-bars-in-nyc/professorthoms_313675.jpg,"219 2nd Ave. Manhattan, NY",http://www.professorthoms.com/,"Professor Thom's is known the world over as the watering hole for Michigan Wolverine's. This old-time saloon features a great cocktail selection, enormous 41 foot bar, and over 17 flatscreen TVs to catch every angle of the game. 

The food is renowned amongst many a fan- the nachos and fries are especially popular. Weekly events include $.25 wing night on Tuesdays and trivia on Wednesdays."
New York Public Library,http://www.infoturisti.com/images/usa/NY/Little_Italy_SanGennaro.jpg,"5th Ave at 42nd St, New York, NY 10018",http://www.nypl.org/,"The New York Public Library is the second largest public library in the United States, behind only the Library of Congress. The library contains over 53 million items, with branches in the boroughs of Manhattan, The Bronx and Staten Island. 

The library was founded in the 19th century, and its roots are based in grass-roots libraries, social libraries of bibliophiles and the wealthy, and from philanthropy of the wealthiest Americans of their age.

Visitors are free to wonder around and the staff are very helpful. Make sure to check out the main Rose Reading Room - it's by far the most awe inspiring room in the Library. "
A Front Row Seat to Bourbon Street,http://www.dnjournal.com/images/lowdown/2010-dmg/balcony-sat-above.jpg,"Bourbon Street, New Orleans",http://www.neworleansonline.com/tools/streets/bourbonstreet.html,"Grab a front row seat to the madness of Bourbon Street on one of the many balconies available at the street's bars. Head away from Canal Street, into Bourbon Street, for a full taste of what New Orleans' wildest street is all about (strip bars, gay bars, and, well, just bars).

For a slightly less intense experience, head down Royal Street for 4 or 5 blocks, then turn onto Bourbon - from there you should be able to find more than one bar with a balcony, and a great view of the carnage below. "
Artisanal Fare on Frenchman Street,http://www.gonola.com/images/frenchmen-art-market_flickr_user-toddwshaffer.jpg,"619 Frenchmen St, New Orleans, LA 70116",http://frenchmenartmarket.com/,The Artisan Street Fair on Frenchman runs Thursday evening through Sunday and has a ton of local artistic talent on offer. New Orleaners (is that right?) are nothing if not artistic - both musically and creatively - so you can expect some really unique souvenirs at a similar price to what you'd get the usual plastic rubbish for...
See Supersized Sequoias ,http://www.hdwpapers.com/walls/sequoia_national_park_widescreen_forest_wallpaper-wide.jpg,"Sequoia National Park, CA 93262",http://www.nps.gov/seki/index.htm,"Located at the southern end of the Sierra Nevada Mountains in Central California, Sequoia National Park features an abundance of natural beauty.  

Established in September 1890, the park encompasses 631 square miles of mountains, canyons, caves, wildlife and, of course, its famous giant sequoias--the largest trees on Earth.  Perhaps one of the best known trees in the world, General Sherman, is one of the most popular attractions. At 275 feet tall and an estimated age of between 2,300-2,700 years, it is not to be missed.  

Outdoor activities vary by season and include hiking, backpacking, camping, horseback riding, snow shoeing, skiing, and many ranger-led talks and activities.  The park is open year round, weather permitting, and experiences its largest number of visitors in July and August.  Visitors to the parks have many overnight options from cabins and lodges to campgrounds and backcountry camping."
Take in the Arches at Arches National Park,http://wallpg.com/wp-content/uploads/wallpapers3/Arches%20National%20Park%20Wallpapers.jpg,"Arches National Park, Moab, UT",http://www.nps.gov/arch/index.htm,"Spectacular rock formations for the centerpiece of Arches National Park, near Moab Utah. Containing more than 2000 arches on more than 76,000 acres, the park offers vistas seen nowhere else.  

Visitors can view the landscape by taking scenic drives or hiking to more remote locations.  Ranger led programs are an excellent option for visitors and are offered daily, March through October.  Camping is available inside the park, and lodging can be found in nearby Moab, Utah."
Ancient Craters at Haleakala National Park,http://blog.holidaycars.com/wp-content/uploads/2012/10/1.jpg,"Haleakala National Park, Hawai",http://www.nps.gov/hale,"From ancient volcanic craters to tropical rain forests and waterfalls, Haleakala National park in Maui, Hawaii, has much on offer.  

Haleakala literally translated from native Hawaiian means ""house of the sun"".  This translation is quite literally true as thousands of visitors come to see both the vivid sunrise and the magnificent sunset in one of the only two national parks in the state of Hawaii.  

Remote, stark and beautiful, visitors can hike, swim, camp, study nature with a ranger, or just take in the majestic views.  

Haleakala is also home to more endangered species than any other park in the National Park service."
Forage for Fossils at Badland's,http://o.aolcdn.com/os/mapquest/national-parks/photos/park-pano/badlands-national-park.jpg,"Badlands National Park, South Dakota",http://www.nps.gov/badl/index.htm,"Badlands national park's 244,000 acres could take you a lifetime to explore. Inside that land, you can see wilderness and natural formations that are unlike any on Earth. These striking geologic deposits contain one of the world’s richest fossil beds. Ancient mammals such as the rhino, horse, and saber-toothed cat once roamed there. 

Start at the parks Visitor center or visit the website to get information on the many activities you can do there, including lodging, camping, and hiking."
Get Steamy at Hot Springs National Park,http://images.nationalgeographic.com/wpf/media-live/photos/000/041/cache/amearrdr60041-hot-springs_4151_600x450.jpg,"Hot Springs National Park, Arkansas",http://www.nps.gov/hosp/index.htm,"Known as ""The American Spa,"" Hot Springs National Park is a park unlike any other.  Visitors can tour the historic Fordyce Bathhouse, take a traditional bath at the Buckstaff Bathhouse, or experience relaxation at the Quapaw Baths and Spa.  

The park also includes 26 miles of trails, where visitors can enjoy the scenic mountain area.  Visitors can camp inside the park of take advantage of various accommodations in the historic town of Hot Springs, Arkansas."
Eruptions at Volcanoes National Park,http://www.cityprofile.com/forum/attachments/hawaii/4355-hawai'i-hawaii-volcanoes-national-park.jpg,"Hawaii National Park, Hawaii",http://www.gohawaii.com/big-island/regions-neighborhoods/kau/hawaii-volcanoes-national-park,"Stretching across 333,000 acres, Volcanoes National Park is located in Hawaii. Its' biggest attraction is Kilauea volcano, Earth's most active volcano. Often referred to as 'The world's only drive-in volcano', you get to explore the summit on an 11 mile road that winds around the summit caldera floor. 

The park has over 150 miles of hiking trails that take you through craters, rainforests and deserts throughout the park. Flora and Fauna evolving over a span of 70 million years with its volcanic significance makes it one of the most interesting biologic landscapes on the planet.

Founded in 1916, for nearly a century both destruction and creation have been observed by wlidlife enthusiasts in the park. Open 24/7 year round, including all holidays, you can visit whenever. Take Highway 11 30 miles southwest of Hilo (about a 45 minute drive) and experience one of the worlds most enthralling natural parks for yourself."
Medows and Mountains at Mt. Rainier National Park,http://media-cdn.tripadvisor.com/media/photo-s/01/d6/68/97/mt-rainier-natl-park.jpg,"Mount Rainier National Park, Washington",http://www.visitrainier.com/pg/home/Mount-Rainier-National-Park-lodging-events-hiking-and-other-activities-for-the-Mt-Rainier-area?gclid=CJeLo9_JhbwCFedAMgod_TEA-A,"Plan a romantic getaway or family vacation the nation's fifth oldest National Park, Mount Rainier. This active volcano is surrounded by six major rivers and endless beauty. 

The Park offers many activities for any season, ranging from hiking and horseback riding, to skiing and snowmobiling. 

Though the park is world-renowned for its elaborate wildflower displays, the vegetation of Mount Rainier National Park is remarkably diverse. Climate and elevation vary greatly in the park, creating a wide range of habitats supporting an extensive number of plant species. 

There are forests, medows and mountain ranges to explore. "
Hike through Bryce Canyon National Park,http://images.fineartamerica.com/images-medium-large/lone-tree-in-bryce-canyon-national-park--utah-markus-goerg.jpg,"Bryce Canyon National Park, Utah",http://www.nps.gov/brca/index.htm,"Bryce Canyon National Park is found in Southern Utah and a great stop enroute to or from the Grand Canyon.  It's most unique feature are huge tracts of oddly shaped pillars of rock called hoodoos.  

The park covers over 35,000 acres and has a number of well-maintained camp grounds and rest stops.  Artifacts of the famous Ananazi native tribes have been found within the park and the Paiutes claim that the hoodoos are the product of the tricker god Coyote's mischief.  The location has idea lighting conditions for astronomy buffs and hosts an annual Astronomy Festival at the end of June each year."
Soak Up the Seasons at Joshua Tree National Park,http://3.bp.blogspot.com/-LEnai1YmW9I/UWbQswbHFJI/AAAAAAAAAfs/jIgxPFcNBIE/s1600/californiatravel.jpg,"Joshua Tree National Park, California",http://www.nps.gov/jotr/index.htm,"Joshua Tree National Park located in Southern California is a gem in the desert. It contains over 800,000 acres of natural breathtaking beauty. 

Each season changes the whole character of the park. The park hosts a wide variety of plant and animal life that will be sure to bring out the nature lover in you. 

Rock climbing, bike riding and hiking are hugely popular activities at Joshua Tree National Park. There are 9 campgrounds at this park and back country camping is allowed. "
Admire Maine's Rugged Coastline at Acadia National Park,http://u.slimg.com/smartertravel/gallery/6/originals/stm4bd9b87a0924320100429.jpg,"Acadia National Park, Maine",http://www.nps.gov/acad/index.htm,"Home to the tallest mountain on the East Coast and the rugged coastline of Maine, Acadia National Park is the oldest eastern national park.  Land donated by philanthropists became what we know today as Acadia.  

There is plenty to do in every season.   Hiking, biking, climbing, swimming, snowshoeing and skiing are all activities to be found in Acadia.  

Visitors can take a horse drawn carriage tour on historic roads, where each bridge is unique.  Adjacent to Bar Harbor, ME, Acadia's 47,000 acres beckon all visitors from those looking for adventure to relaxation.  Camping is available inside the park, and lodging is available nearby in Bar Harbor and the surrounding area."
Gawp at Glacier National Park,http://cdn.superbwallpapers.com/wallpapers/nature/glacier-national-park-9624-1920x1080.jpg,"Glacier National Park, Montanna",http://www.nps.gov/glac/index.htm,"Adventure awaits visitors to Glacier National Park, just outside West Glacier, MT.  

Whilst it's open in all year, in July and August, the parks meadows are filled with alpine wildflowers. Visitors can hike, bike, go horseback riding, camp, fish, boat and climb all on its over a million acres.  Visitors can also reduce their footprint by taking a guided tour or utilizing the park's shuttle service to take in the sights.

A visit to Glacier National Park is likely to result in many large animal (the park describes them as preditors on their site...) sighting, hiking cliffside trails and scenery worthy of a computer screensaver. Get out there and see the real thing, and maybe a bear while you're at it..."
Colors of Fall at Cuyahoga National Park,http://images.yume.vn/blog/201210/24/1351088984_36.jpg,"Cuyahoga National Park, Ohio",http://www.nps.gov/cuva/index.htm,"Cuyahoga National Park is a beautiful nature preserve just a short drive from Cleveland, Ohio. It preserves 33,000 acres of lush land alongside the Cuyahoga River. 

Whether you like to fish, bike, bird watch, camp or hike, there is plenty to do and explore no matter the length of your visit. Be sure to check out the Beaver marshes, Brandywine falls and the Ritchie ledges to immerse yourself fully in the natural beauty in the park. 

Cuyahoga National Park is home to many types of birds including bald eagles which are regularly sighted. The park is open through all of the seasons so you can see the beautiful trees change colors in the fall or go snowshoeing, cross country skiing or tubing in the winter."
Breath Taking Views at Zion National park,http://www.tourplicity.com/userfiles/tours/zion-national-park_575-1874.jpg,"Zion National Park, Springdale, UT ",http://www.nps.gov/zion/index.htm,"Zion National Park offers breath taking views of beautiful multi-colored canyons.  Several tall, dizzying mesa's and rock towers surround the picture-esque park. There are tons of camping grounds as well as a lodge for those less venturous. 

In recent years, Zion has seen an uprise in visitors, causing the park to provide a convenient shuttle to visitors. This is to help with traffic, parking, and most importantly, to keep Zion's wildlife in ecosystem more intact. 

The lodge at Zion is open year round, and is located only miles off the scenic drive.  The Lodge also features a grill that serves all meals year round for visitors.  

Zion is a host to many fun activities. Backpacking, Bicycling, Camping, Canyoning, climbing, hiking, horseback riding. The northwest area of the park features the Kolob Canyons.

The park's nearest major airports are: McCarran International Airport (Located in Las Vegas,NV 2.5 hour drive), Salt Lake City International Airport (Salt Lake City,UT 4.5 hour drive)."
Marvellous Mountains at Grand Teton,http://vailresortsv9.tekgroupweb.com/images/9045/GrandTeton2_JamesKaiser.jpg,"Grand Teton National Park, Wyoming",http://www.nps.gov/grte/planyourvisit/feesandreservations.htm,"Grand Teton National Park in Wyoming is just south of Yellowstone National park. It includes hiking trails in the Grand Teton mountains and along a chain of lakes, providing great opportunity for landscape photography, best at dawn or dusk. 

Travelers are also advised to carry bear spray and be prepared if hiking on remote trails. There are also flat stretches to the east which allow for opportunity to spot herds of bison and other animals. While the scenery is not as varied as that of Yellowstone, there are small pockets of river bends, lakes, clearings, and plains that are just a pleasure to find yourself alone and away from the tourist crowds. Do bring binoculars and drive slow on the roads. 

There are also amazing lodges built in the mid-20th century that offer breathtaking views outward as well as large vaunted meeting and dinning spaces."
Roam Rocky Mountain National Park,http://www.tourplicity.com/userfiles/tours/rocky-mountain-national-park-sightseeing-adventure_410-1400.jpg,"Rocky Mountain National Park, Colorado",http://www.nps.gov/romo/,"With breathtaking views and accessible trails, hike, bike or sled your way iaround over 265,000 acres of backcountry at Rocky Mountain National Park. Camp, fish or enjoy the evening stars. 

In the summer, you can watch the bighorn sheep come down the mountain, and in the winter, learn to snowshoe for free. Ranger-led programs take place throughout the year and a Jr. Ranger program is available for children. Even picnicking can be an adventure with so much nature around. "
Fall at Yellowstone,http://images.nationalgeographic.com/wpf/media-live/photos/000/207/cache/yellowstone-bison-national-park_20729_600x450.jpg,"Yellow Stone, Wyoming",http://www.nps.gov/yell/index.htm,"Visit Yellowstone near the end of its fall season (between labour Day and 5th November), and you will see the beautiful snow capped evergreens in the morning, view the different scenic locations with clear skies, and still hike in moderate temperatures. 

Go too soon, and you will be caught among hordes of tourists, and too late, the freezing cold and dangerous driving conditions will cut short your evenings. Yellowstone can be an overwhelming experience, so plan accordingly with respect to time, and understand that the random close encounters along the roads and trails will be your memorable moments. 

Always respect the wilderness, the wildlife, and take your time to explore and be in awe of the wonders of Yellowstone. While there are occasions where basic photography is adequate to document the ephemeral beauty that you see, Yellowstone is not one of them. Bring your best camera, eye, paints and sketchbooks, proper clothing, and you will be glad afterwards."
Walk on the Wild Side at Yosemite National Park,http://www.globeimages.net/data/media/5/mammoth_peak_yosemite_national_park_california_us.jpg,"Yosemite National Park, California",http://www.nps.gov/yose/index.htm,"Located three hours southeast of Sacramento, Yosemite National Park is a must see for any nature lover.  Encompasing 1,190 sq miles, the park is ribboned with 750 miles of hiking trail, 350 miles of roads, and 1,600 miles of rivers and streams.  

Whether it's the giant sequoias in Mariposa Grove or the black bears, beavers, and marmots that interest you, there is something for everyone.  Open 365 days a year, the park is both a summer paradise and a winter wonderland.  The park can be explored by foot, on horse, by car, or shuttle bus making it open to everyone."
Two Billion Years of History at the Grand Canyon,http://flylinkhub.com/wp-content/uploads/2014/01/Rivers_wallpapers_91.jpg,"Grand Canyon National Park, Arizona",http://www.nps.gov/grca/index.htm,"The Grand Canyon National Park was established in Arizona in 1919 and receives nearly five million visitors each year. It is 277 miles long, a little over a mile high at its deepest, and has stretches between its plateaus as wide as 18 miles across. 

The Colorado River has exposed an extimated 2 billion years of the earth's history along the Canyon, where scientists estimate that it has flowed for 17 million years. 

Most visitors see the canyon from overlooks on the South Rim, which sits at 7000ft in elevation and is open all year. Some visitors access the canyon via the North Rim, which is 1000ft higher in elevation and is only open from May to October due to snow. The inner canyon has plenty of adventure to offer, whether you like land or water. 

Visitors can hike, ride mules down into the canyon, or take a river trip along the Colorado. Lodging and campgrounds are available inside the park.

No matter how or where you see it, you won't fail to be moved by the incredible scenery and awe that the Grand Canyon offers."
Bump into a Bear at Great Smoky Mountains National Park,http://1.bp.blogspot.com/-KhZ9JpH68yM/UAAAEWeHTpI/AAAAAAAAEak/hJ8F_dkRex0/s1600/Sunrise_from_Newfound_Gap_Great_Smoky_Mountains_Tennessee.jpg,"Great Smoky Mountains, Tennessee",http://www.nps.gov/grsm/index.htm,"Great Smoky Mountain National Park, just outside Gatlinburg, Tennessee, encompasses 293 square miles of wilderness and historic sites. Nature lovers, history buffs and adventurers find activities which include hiking, biking, mountain climbing, camping, ranger programs and much more.  

The lodge inside the park, LeConte Lodge offers a place to stay, as well as numerous camp sites.  Home to over 1500 black bears, a diversity of wildlife, waterfalls and scenic views, Great Smoky Mountains National Park is filled with wonders for its visitors.  Visitors to the park can experience the breathtaking views, the rich history, and the adventures that await them in the Smoky Mountains."